abri thomas 27 h titi2ab7f@gmail.fr
abri zozo 15 f zozo98@yahoo.fr
abri tiphaine 23 f tiph007@hotmail.fr
abuda zakaria 53 h zak_thebest@gmail.com
harisson paul 39 h paul_the3@gmail.com
abuda ali 22 h 7ali12ky4@hotmail.com
harisson paul 70 h paul_the2@hotmail.com
abri zoe 15 f zozo98@yahoo.fr
freud nelly 21 f nelly@hotmail.com
harisson paul 99 h paul_the1@hotmail.com
tong leo 13 h ltang_male@gmail.com
fong kim 21 f kim12@yahoo.fr
abri felix 15 h fifi98@yahoo.fr
Duc leo 24 h leotard@hotmail.fr
alouche linda 21 f lilou_al@gmain.com
freud ben 21 h benny77@gmail.com
alouche farid 18 h alf1995@yahoo.fr
tong lea 13 f lfemale@gmail.com
duc emma 18 f emma_laduchesse@hotmail.com
wells james 65 h jwrw40@hotmail.com
abuda amina 49 f minaab9da@gmail.com
yokman antony 25 h tony_yok@gmail.com
arrow harold 75 h flech_haro@hotmail.com
alouche yazid 15 h yaya98@yahoo.fr
silverstein samuel 65 h ssilver1@yahoo.fr
arrow william 28 h wiar@gmail.com
silverstein sarah 65 f ssilver2@yahoo.fr
yokman john 53 h jo_yok@hotmail.com
silverstein stephane 65 h ssilver2@yahoo.fr
arrow peter 56 h parow@gmail.com
Wells rebeca 67 f rwjw40@hotmail.com
arrow harold 74 h flech_hyoung@hotmail.com